timestamp,filename,total_words,word_change
2025-09-01 09:30:00,硕士论文初稿.docx,120,+120
2025-09-05 14:20:00,硕士论文初稿.docx,350,+230
2025-09-10 10:15:00,硕士论文初稿.docx,620,+270
2025-09-18 16:45:00,硕士论文初稿.docx,890,+270
2025-09-25 11:30:00,硕士论文初稿.docx,1150,+260
2025-10-05 15:20:00,硕士论文初稿.docx,1420,+270
2025-10-12 10:00:00,硕士论文初稿.docx,1780,+360
2025-10-20 14:30:00,硕士论文初稿.docx,2580,+800
2025-10-28 09:45:00,硕士论文初稿.docx,2950,+370
2025-11-05 16:20:00,硕士论文初稿.docx,3320,+370
2025-11-12 11:15:00,硕士论文初稿.docx,4120,+800
2025-11-20 14:50:00,硕士论文初稿.docx,4480,+360
2025-11-28 10:30:00,硕士论文初稿.docx,4850,+370
2025-12-05 15:40:00,硕士论文初稿.docx,5650,+800
2025-12-10 09:20:00,硕士论文初稿.docx,6150,+500
2025-12-15 14:10:00,硕士论文初稿.docx,7250,+1100
2025-12-20 11:00:00,硕士论文初稿.docx,8550,+1300
2025-12-25 16:30:00,硕士论文初稿.docx,9850,+1300
2026-01-02 10:15:00,硕士论文初稿.docx,11250,+1400
2026-01-05 14:45:00,硕士论文初稿.docx,12850,+1600
2026-01-08 09:30:00,硕士论文初稿.docx,14550,+1700
2026-01-10 15:20:00,硕士论文初稿.docx,16250,+1700
2026-01-11 11:40:00,硕士论文初稿.docx,17850,+1600
2026-01-12 14:25:00,硕士论文初稿.docx,19550,+1700
2026-01-13 09:15:00,硕士论文初稿.docx,21550,+2000
2026-01-13 14:50:00,硕士论文初稿.docx,20890,-660
2026-01-13 18:30:00,硕士论文初稿.docx,21550,+660